{
  "metrics": {
    "base_rate": 0.42902010050251255,
    "weighted_f1": 0.35246017376799965,
    "macro_f1": 0.3845121381886088,
    "shift_f1": 0.6102941176470589,
    "noshift_f1": 0.15873015873015872,
    "shift_precision": 0.4447421299397187,
    "shift_recall": 0.972181551976574,
    "balanced_acc": 0.530095176428331,
    "frac_pred_shift": 0.9378140703517588,
    "degenerate": false,
    "shift_auc": 0.6058159256628444,
    "shift_pr_auc": 0.516145495935657,
    "brier": 0.25602197012398514,
    "ece10": 0.13628773573562547
  },
  "threshold": 0.1350288987159729
}