{
  "0": [
    0.7348466988777346,
    0.0006171013994460666
  ],
  "inf": [
    0.8160125820936713,
    0.001188816796815483
  ],
  "1": [
    0.7985371110438336,
    0.00385299605283904
  ],
  "2": [
    0.7892436323892379,
    0.002771629917134273
  ],
  "4": [
    0.774336842422926,
    0.0031950229846429185
  ],
  "transition": 0.6946706523744877
}