{
  "0": [
    0.5195131140766669,
    0.012688181200965555
  ],
  "inf": [
    0.6217538912791594,
    0.007600540553502289
  ],
  "1": [
    0.5333422462059522,
    0.0115514658862222
  ],
  "2": [
    0.5280431383034752,
    0.007927634670024181
  ],
  "4": [
    0.5291673756451705,
    0.0057274065882898595
  ],
  "transition": 0.6155229830574394
}