{
  "0": [
    0.6205286219202691,
    0.008648079403212494
  ],
  "inf": [
    0.6514342503064362,
    0.010019874986423474
  ],
  "1": [
    0.616876890226846,
    0.003960431942744073
  ],
  "2": [
    0.6197995104537296,
    0.009312389567359832
  ],
  "4": [
    0.6239038496333772,
    0.012006957805668739
  ],
  "transition": 0.6417217124347867
}