{
  "0": [
    0.5687853314369993,
    0.011241837249934168
  ],
  "inf": [
    0.5897113137375231,
    0.014668164908927396
  ],
  "1": [
    0.5683558106908788,
    0.007279061952236856
  ],
  "2": [
    0.5859092497829578,
    0.018388319705308222
  ],
  "4": [
    0.5826609991404216,
    0.011858697763696432
  ],
  "transition": 0.6417217124347867
}