{
  "0": [
    0.5542910695692981,
    0.013434146296447987
  ],
  "inf": [
    0.7524033303048207,
    0.0008883711099712589
  ],
  "1": [
    0.6130675403711328,
    0.006146411830504529
  ],
  "2": [
    0.5938656101923446,
    0.007612492196494401
  ],
  "4": [
    0.5796521522487023,
    0.004215747361869542
  ],
  "transition": 0.6826711330293724
}