{
  "0": [
    0.7245063410902092,
    0.002660104374340876
  ],
  "inf": [
    0.7225315037183125,
    0.0043658116374041865
  ],
  "1": [
    0.7172584622468537,
    0.002422806316251332
  ],
  "2": [
    0.7176576408920319,
    0.002952760437327694
  ],
  "4": [
    0.7188355078861107,
    0.0026952971196182343
  ],
  "transition": 0.6826821022467227
}