{
  "pec_fixed": {
    "auc": [
      0.7254807976934426,
      0.005136511103495964
    ],
    "f1": [
      0.42762768638609966,
      0.006449463338797926
    ],
    "balanced_accuracy": [
      0.649896825004604,
      0.006005075696931106
    ],
    "paired_vs_transition": {
      "delta_auc": 0.034863315222394387,
      "ci_low": 0.011252157927640703,
      "ci_high": 0.0571142408137897,
      "p_value": 0.005,
      "beats_baseline": true
    }
  },
  "pseudofuture_fixed": {
    "auc": [
      0.7222053797734556,
      0.008904933312334308
    ],
    "f1": [
      0.4341665587551049,
      0.009828942953996687
    ],
    "balanced_accuracy": [
      0.6551210065342702,
      0.007610802346815579
    ],
    "paired_vs_transition": {
      "delta_auc": 0.015091756968724557,
      "ci_low": -0.009699061802515235,
      "ci_high": 0.038584105810576065,
      "p_value": 0.244,
      "beats_baseline": false
    }
  }
}