{
  "pec_fixed": {
    "auc": [
      0.5581777631930772,
      0.0063889940822631055
    ],
    "f1": [
      0.8376863935272151,
      0.000802960038421006
    ],
    "balanced_accuracy": [
      0.49989567887730213,
      0.0001475323465612896
    ],
    "paired_vs_transition": {
      "delta_auc": -0.060316852621599804,
      "ci_low": -0.11958017030627906,
      "ci_high": 0.010985393382609374,
      "p_value": 0.097,
      "beats_baseline": false
    }
  },
  "pseudofuture_fixed": {
    "auc": [
      0.5214506510448317,
      0.008852796108066783
    ],
    "f1": [
      0.8328223359579027,
      0.006653876191614263
    ],
    "balanced_accuracy": [
      0.5002795400957729,
      0.0016049614678891912
    ],
    "paired_vs_transition": {
      "delta_auc": -0.10649566105155683,
      "ci_low": -0.17721131736219678,
      "ci_high": -0.02950850265025345,
      "p_value": 0.011,
      "beats_baseline": false
    }
  }
}