{
  "pec_fixed": {
    "auc": [
      0.576798040955877,
      0.0026950436361826177
    ],
    "f1": [
      0.6033162597351868,
      0.0020739790563086154
    ],
    "balanced_accuracy": [
      0.5191627996376993,
      0.021067509055862417
    ],
    "paired_vs_transition": {
      "delta_auc": -0.06690376211852533,
      "ci_low": -0.1175322469022363,
      "ci_high": -0.008321814582096817,
      "p_value": 0.023,
      "beats_baseline": false
    }
  },
  "pseudofuture_fixed": {
    "auc": [
      0.5575394045016996,
      0.019529860731328577
    ],
    "f1": [
      0.5969538565138622,
      0.0061598040633983
    ],
    "balanced_accuracy": [
      0.5185182500680522,
      0.0034188760161414557
    ],
    "paired_vs_transition": {
      "delta_auc": -0.11038468414923486,
      "ci_low": -0.1621575404365388,
      "ci_high": -0.04933970717322516,
      "p_value": 0.001,
      "beats_baseline": false
    }
  }
}