{
  "pec_fixed": {
    "auc": [
      0.6261953428139301,
      0.004756542312844581
    ],
    "f1": [
      0.6103145152606463,
      0.0017714744403600554
    ],
    "balanced_accuracy": [
      0.5584658270609882,
      0.02114323733699379
    ],
    "paired_vs_transition": {
      "delta_auc": -0.01195222011220154,
      "ci_low": -0.08363922336890114,
      "ci_high": 0.06393912669491912,
      "p_value": 0.728,
      "beats_baseline": false
    }
  },
  "pseudofuture_fixed": {
    "auc": [
      0.6089057905302487,
      0.0364803492275304
    ],
    "f1": [
      0.6100454305364634,
      0.004458159174978455
    ],
    "balanced_accuracy": [
      0.5242145005130089,
      0.013402803562354475
    ],
    "paired_vs_transition": {
      "delta_auc": 0.004197491491462424,
      "ci_low": -0.06893927200146566,
      "ci_high": 0.08028436152437028,
      "p_value": 0.963,
      "beats_baseline": false
    }
  }
}