{
  "pec_fixed": {
    "auc": [
      0.7228482241089277,
      0.0027051990206319676
    ],
    "f1": [
      0.7586822384172761,
      0.0029401613981986322
    ],
    "balanced_accuracy": [
      0.6416673159939007,
      0.006120553144761485
    ],
    "paired_vs_transition": {
      "delta_auc": 0.03636068602241804,
      "ci_low": 0.005378207233090546,
      "ci_high": 0.06760951821276412,
      "p_value": 0.031,
      "beats_baseline": true
    }
  },
  "pseudofuture_fixed": {
    "auc": [
      0.724546435470868,
      0.0027826584879209067
    ],
    "f1": [
      0.7580496700375533,
      0.0019924661219495737
    ],
    "balanced_accuracy": [
      0.6417528002394568,
      0.0072826831237465
    ],
    "paired_vs_transition": {
      "delta_auc": 0.044358380217281224,
      "ci_low": 0.013414010607330318,
      "ci_high": 0.07485235123852728,
      "p_value": 0.004,
      "beats_baseline": true
    }
  }
}