{
  "pec_fixed": {
    "auc": [
      0.5629175394759437,
      0.004331573889304101
    ],
    "f1": [
      0.7286753494050234,
      0.005506926326693101
    ],
    "balanced_accuracy": [
      0.5048168733292432,
      0.003423907504076512
    ],
    "paired_vs_transition": {
      "delta_auc": -0.1159854782692239,
      "ci_low": -0.14673201278462134,
      "ci_high": -0.08487521568240755,
      "p_value": 0.0,
      "beats_baseline": false
    }
  },
  "pseudofuture_fixed": {
    "auc": [
      0.5531029898556173,
      0.009474649936738017
    ],
    "f1": [
      0.734233650324917,
      0.0009441544461332438
    ],
    "balanced_accuracy": [
      0.5028436750358013,
      0.0020300292527050605
    ],
    "paired_vs_transition": {
      "delta_auc": -0.1341028428428882,
      "ci_low": -0.16499536937742657,
      "ci_high": -0.1023802384684806,
      "p_value": 0.0,
      "beats_baseline": false
    }
  }
}