{
  "rows": {
    "baseline:base_rate": {
      "auc": [
        0.5,
        0.0
      ],
      "f1": [
        0.3310635136808221,
        0.0
      ],
      "bacc": [
        0.5,
        0.0
      ],
      "degen": true
    },
    "baseline:no_change": {
      "auc": [
        0.5,
        0.0
      ],
      "f1": [
        0.0,
        0.0
      ],
      "bacc": [
        0.5,
        0.0
      ],
      "degen": true
    },
    "baseline:speaker_transition": {
      "auc": [
        0.6946706523744877,
        0.0
      ],
      "f1": [
        0.4981473857554549,
        0.0
      ],
      "bacc": [
        0.6811852497248336,
        0.0
      ],
      "degen": false
    },
    "baseline:text_history_mlp": {
      "auc": [
        0.686847634856449,
        0.0
      ],
      "f1": [
        0.40846031385035253,
        0.0
      ],
      "bacc": [
        0.6357524442430733,
        0.0
      ],
      "degen": false
    },
    "gru:none": {
      "auc": [
        0.7348466988777346,
        0.0006171013994460666
      ],
      "f1": [
        0.44360904303989407,
        0.002182449414160531
      ],
      "bacc": [
        0.661269630854591,
        0.0023122902272704605
      ],
      "degen": false
    },
    "gru:predicted": {
      "auc": [
        0.7301013274018381,
        0.007623931065359383
      ],
      "f1": [
        0.4388018665221744,
        0.0044444091326970945
      ],
      "bacc": [
        0.6594235831105401,
        0.005148233489582389
      ],
      "degen": false
    },
    "gru:oracle": {
      "auc": [
        0.8066602240839357,
        0.00736473594561505
      ],
      "f1": [
        0.5347291086492697,
        0.006894168019820021
      ],
      "bacc": [
        0.7173192238833491,
        0.0030867207399932163
      ],
      "degen": false
    },
    "gru_leaky:none": {
      "auc": [
        0.8160125820936713,
        0.001188816796815483
      ],
      "f1": [
        0.5316008331451759,
        0.002685270295843382
      ],
      "bacc": [
        0.7160299921098896,
        0.003320220906464736
      ],
      "degen": false
    },
    "dialoguernn:none": {
      "auc": [
        0.7212712698786463,
        0.008886406316698845
      ],
      "f1": [
        0.4358105279092384,
        0.008833482406752321
      ],
      "bacc": [
        0.6544164153796382,
        0.006484470008398222
      ],
      "degen": false
    },
    "dialoguegcn:none": {
      "auc": [
        0.7260171950788856,
        0.009050229360877982
      ],
      "f1": [
        0.43651226861964304,
        0.00910822807582504
      ],
      "bacc": [
        0.6529718869998121,
        0.007872993392089234
      ],
      "degen": false
    },
    "dagerc:none": {
      "auc": [
        0.7266185166435464,
        0.0022189879840795964
      ],
      "f1": [
        0.43261809159285614,
        0.004094646861547034
      ],
      "bacc": [
        0.6560500175507545,
        0.0019980142944576442
      ],
      "degen": false
    },
    "pec:none": {
      "auc": [
        0.7340698928400351,
        0.00359274532958791
      ],
      "f1": [
        0.43271934711194754,
        0.0021986900398381433
      ],
      "bacc": [
        0.6537425559260434,
        0.004539347626938396
      ],
      "degen": false
    },
    "pseudofuture:none": {
      "auc": [
        0.727877385865531,
        0.0014984259260353242
      ],
      "f1": [
        0.4311883903926597,
        0.003914810762527001
      ],
      "bacc": [
        0.652804062380185,
        0.005171121073022457
      ],
      "degen": false
    }
  },
  "audit": {
    "dataset": "dailydialog",
    "checks": {
      "1_last_utterance_ignored": true,
      "2_causal_model": true,
      "3_per_utterance_features": true,
      "4_speaker_split_disjoint": false,
      "5_threshold_tuned_on_val_only": true,
      "6_dialogue_level_bootstrap": true,
      "7_transition_matrix_train_only": true,
      "8_baselines_complete": true
    },
    "n_train_speakers": 2,
    "n_test_speakers": 2,
    "speaker_overlap": 2,
    "note": "speaker ids overlap (local per-dialogue ids; identity not global here)",
    "all_structural_pass": true
  },
  "paired_vs_transition": {
    "delta_auc": 0.03966050606805749,
    "ci_low": 0.016758396659636535,
    "ci_high": 0.061487081615146634,
    "p_value": 0.002,
    "beats_baseline": true
  },
  "leakage_gap_auc": 0.08116588321593676,
  "base_rate": 0.1983679525222552
}