{
  "rows": {
    "baseline:base_rate": {
      "auc": [
        0.5,
        0.0
      ],
      "f1": [
        0.8382541720154044,
        0.0
      ],
      "bacc": [
        0.5,
        0.0
      ],
      "degen": true
    },
    "baseline:no_change": {
      "auc": [
        0.5,
        0.0
      ],
      "f1": [
        0.0,
        0.0
      ],
      "bacc": [
        0.5,
        0.0
      ],
      "degen": true
    },
    "baseline:speaker_transition": {
      "auc": [
        0.6155229830574394,
        0.0
      ],
      "f1": [
        0.8382541720154044,
        0.0
      ],
      "bacc": [
        0.5,
        0.0
      ],
      "degen": true
    },
    "baseline:text_history_mlp": {
      "auc": [
        0.5170124456112205,
        0.0
      ],
      "f1": [
        0.8382541720154044,
        0.0
      ],
      "bacc": [
        0.5,
        0.0
      ],
      "degen": true
    },
    "gru:none": {
      "auc": [
        0.5195131140766669,
        0.012688181200965555
      ],
      "f1": [
        0.8356545000658202,
        0.0034705409279915224
      ],
      "bacc": [
        0.49973362664786863,
        0.005928641453685159
      ],
      "degen": true
    },
    "gru:predicted": {
      "auc": [
        0.5253885202200669,
        0.006626969254081211
      ],
      "f1": [
        0.836837662814765,
        0.0010061334630428603
      ],
      "bacc": [
        0.5014159313546757,
        0.0037460001470386826
      ],
      "degen": true
    },
    "gru:oracle": {
      "auc": [
        0.5454678042733173,
        0.004354602700703695
      ],
      "f1": [
        0.8325784814413811,
        0.007076840757262217
      ],
      "bacc": [
        0.500024307834415,
        0.0023296359844955914
      ],
      "degen": true
    },
    "gru_leaky:none": {
      "auc": [
        0.6217538912791594,
        0.007600540553502289
      ],
      "f1": [
        0.8398971709068054,
        0.001995032005050682
      ],
      "bacc": [
        0.5436528193036616,
        0.013669707036512418
      ],
      "degen": false
    },
    "dialoguernn:none": {
      "auc": [
        0.5275346994336275,
        0.003930359596763725
      ],
      "f1": [
        0.8366138924547141,
        0.0023197056008116747
      ],
      "bacc": [
        0.4992808932318886,
        0.0010169705442573678
      ],
      "degen": true
    },
    "dialoguegcn:none": {
      "auc": [
        0.5480535501592164,
        0.007724266597945845
      ],
      "f1": [
        0.8367934514578025,
        0.002065770823397847
      ],
      "bacc": [
        0.49994226889326426,
        8.164411411643521e-05
      ],
      "degen": true
    },
    "dagerc:none": {
      "auc": [
        0.5223530793974899,
        0.01649037973441201
      ],
      "f1": [
        0.8382541720154043,
        1.1102230246251565e-16
      ],
      "bacc": [
        0.5,
        0.0
      ],
      "degen": true
    },
    "pec:none": {
      "auc": [
        0.5558330699984605,
        0.009620105491175104
      ],
      "f1": [
        0.8369389238814281,
        0.0010091081840282667
      ],
      "bacc": [
        0.4991299820932286,
        0.0006423603635879874
      ],
      "degen": true
    },
    "pseudofuture:none": {
      "auc": [
        0.5203345163146081,
        0.007520280809100231
      ],
      "f1": [
        0.8345598147197468,
        0.004950655454413302
      ],
      "bacc": [
        0.4991188410024551,
        0.0033824630360292833
      ],
      "degen": true
    }
  },
  "audit": {
    "dataset": "emorynlp",
    "checks": {
      "1_last_utterance_ignored": true,
      "2_causal_model": true,
      "3_per_utterance_features": true,
      "4_speaker_split_disjoint": false,
      "5_threshold_tuned_on_val_only": true,
      "6_dialogue_level_bootstrap": true,
      "7_transition_matrix_train_only": true,
      "8_baselines_complete": true
    },
    "n_train_speakers": 9,
    "n_test_speakers": 6,
    "speaker_overlap": 6,
    "note": "speaker ids overlap (local per-dialogue ids; identity not global here)",
    "all_structural_pass": true
  },
  "paired_vs_transition": {
    "delta_auc": -0.11281873647876706,
    "ci_low": -0.17517644056265003,
    "ci_high": -0.039597928195847475,
    "p_value": 0.0,
    "beats_baseline": false
  },
  "leakage_gap_auc": 0.10224077720249247,
  "base_rate": 0.7215469613259669
}