{
  "rows": {
    "baseline:base_rate": {
      "auc": [
        0.5,
        0.0
      ],
      "f1": [
        0.6004395604395605,
        0.0
      ],
      "bacc": [
        0.5,
        0.0
      ],
      "degen": true
    },
    "baseline:no_change": {
      "auc": [
        0.5,
        0.0
      ],
      "f1": [
        0.0,
        0.0
      ],
      "bacc": [
        0.5,
        0.0
      ],
      "degen": true
    },
    "baseline:speaker_transition": {
      "auc": [
        0.6417217124347867,
        0.0
      ],
      "f1": [
        0.6206896551724138,
        0.0
      ],
      "bacc": [
        0.6109363498575333,
        0.0
      ],
      "degen": false
    },
    "baseline:text_history_mlp": {
      "auc": [
        0.6058159256628444,
        0.0
      ],
      "f1": [
        0.6102941176470589,
        0.0
      ],
      "bacc": [
        0.530095176428331,
        0.0
      ],
      "degen": false
    },
    "gru:none": {
      "auc": [
        0.6205286219202691,
        0.008648079403212494
      ],
      "f1": [
        0.6061644230402055,
        0.002782101095964507
      ],
      "bacc": [
        0.5516224877734235,
        0.033209378614992034
      ],
      "degen": false
    },
    "gru:predicted": {
      "auc": [
        0.6153201459726256,
        0.0024342348171283415
      ],
      "f1": [
        0.6080899783635609,
        0.002684093547097412
      ],
      "bacc": [
        0.5605581299955277,
        0.021202289113402693
      ],
      "degen": false
    },
    "gru:oracle": {
      "auc": [
        0.6216563823293016,
        0.0019143625696817503
      ],
      "f1": [
        0.6085030592516549,
        0.002361590243912014
      ],
      "bacc": [
        0.5614142185326391,
        0.02290354649809449
      ],
      "degen": false
    },
    "gru_leaky:none": {
      "auc": [
        0.6514342503064362,
        0.010019874986423474
      ],
      "f1": [
        0.6126172553049914,
        0.0017908076510473056
      ],
      "bacc": [
        0.5764085193292389,
        0.016347344799413136
      ],
      "degen": false
    },
    "dialoguernn:none": {
      "auc": [
        0.6128936222075111,
        0.011801094694731
      ],
      "f1": [
        0.6046925831362517,
        0.0021376515467726523
      ],
      "bacc": [
        0.5315928615799598,
        0.024381065455163848
      ],
      "degen": false
    },
    "dialoguegcn:none": {
      "auc": [
        0.6219575837525188,
        0.006863139257443578
      ],
      "f1": [
        0.6130941304718116,
        0.0038694544977410476
      ],
      "bacc": [
        0.5313679000891792,
        0.010397391278437435
      ],
      "degen": false
    },
    "dagerc:none": {
      "auc": [
        0.5927179589603665,
        0.02899105274304782
      ],
      "f1": [
        0.6103392705738084,
        0.005894720616489118
      ],
      "bacc": [
        0.5415545214843592,
        0.021868748592319128
      ],
      "degen": false
    },
    "pec:none": {
      "auc": [
        0.6276020232574746,
        0.004407685696871241
      ],
      "f1": [
        0.6039981156146088,
        0.00812159578495381
      ],
      "bacc": [
        0.5806739287886816,
        0.012558499468086442
      ],
      "degen": false
    },
    "pseudofuture:none": {
      "auc": [
        0.6203525184143598,
        0.015944990977578535
      ],
      "f1": [
        0.6168649948253836,
        0.005273658473093007
      ],
      "bacc": [
        0.5698336305079996,
        0.02188291966128807
      ],
      "degen": false
    }
  },
  "audit": {
    "dataset": "iemocap",
    "checks": {
      "1_last_utterance_ignored": true,
      "2_causal_model": true,
      "3_per_utterance_features": true,
      "4_speaker_split_disjoint": true,
      "5_threshold_tuned_on_val_only": true,
      "6_dialogue_level_bootstrap": true,
      "7_transition_matrix_train_only": true,
      "8_baselines_complete": true
    },
    "n_train_speakers": 8,
    "n_test_speakers": 2,
    "speaker_overlap": 0,
    "note": "speaker-independent",
    "all_structural_pass": true
  },
  "paired_vs_transition": {
    "delta_auc": -0.009379122392473516,
    "ci_low": -0.07848689636374838,
    "ci_high": 0.06241322126011374,
    "p_value": 0.761,
    "beats_baseline": false
  },
  "leakage_gap_auc": 0.03090562838616706,
  "base_rate": 0.42902010050251255
}