{
  "rows": {
    "baseline:base_rate": {
      "auc": [
        0.5,
        0.0
      ],
      "f1": [
        0.6004395604395605,
        0.0
      ],
      "bacc": [
        0.5,
        0.0
      ],
      "degen": true
    },
    "baseline:no_change": {
      "auc": [
        0.5,
        0.0
      ],
      "f1": [
        0.0,
        0.0
      ],
      "bacc": [
        0.5,
        0.0
      ],
      "degen": true
    },
    "baseline:speaker_transition": {
      "auc": [
        0.6417217124347867,
        0.0
      ],
      "f1": [
        0.6004395604395605,
        0.0
      ],
      "bacc": [
        0.5,
        0.0
      ],
      "degen": true
    },
    "baseline:text_history_mlp": {
      "auc": [
        0.599981154777264,
        0.0
      ],
      "f1": [
        0.6157407407407407,
        0.0
      ],
      "bacc": [
        0.5401781759435095,
        0.0
      ],
      "degen": false
    },
    "gru:none": {
      "auc": [
        0.5687853314369993,
        0.011241837249934168
      ],
      "f1": [
        0.6037832681685678,
        0.0019580894385856753
      ],
      "bacc": [
        0.5192827969961468,
        0.010919028880634844
      ],
      "degen": false
    },
    "gru:predicted": {
      "auc": [
        0.5640466438054249,
        0.011731421728345433
      ],
      "f1": [
        0.5969625082455423,
        0.005787137123910105
      ],
      "bacc": [
        0.5257470842252601,
        0.012740599383612612
      ],
      "degen": false
    },
    "gru:oracle": {
      "auc": [
        0.5641985867693652,
        0.011412791801912238
      ],
      "f1": [
        0.5979063909874011,
        0.005104160090189882
      ],
      "bacc": [
        0.5271518855155404,
        0.01238357964211048
      ],
      "degen": false
    },
    "gru_leaky:none": {
      "auc": [
        0.5897113137375231,
        0.014668164908927396
      ],
      "f1": [
        0.5506332643631682,
        0.01970650996778148
      ],
      "bacc": [
        0.5671982522800841,
        0.011033506710550197
      ],
      "degen": false
    },
    "dialoguernn:none": {
      "auc": [
        0.5691042505909937,
        0.003225395073481791
      ],
      "f1": [
        0.5901750461203266,
        0.019062672334070857
      ],
      "bacc": [
        0.527487448598447,
        0.009327809434303131
      ],
      "degen": false
    },
    "dialoguegcn:none": {
      "auc": [
        0.5530581608673312,
        0.0203689943589484
      ],
      "f1": [
        0.6019807133509522,
        0.0006814991402081551
      ],
      "bacc": [
        0.5351600313764905,
        0.014431592468033707
      ],
      "degen": false
    },
    "dagerc:none": {
      "auc": [
        0.5573939043489512,
        0.005222719545763918
      ],
      "f1": [
        0.5974992733573501,
        0.003090332624119259
      ],
      "bacc": [
        0.5154525457426171,
        0.017380462736968992
      ],
      "degen": true
    },
    "pec:none": {
      "auc": [
        0.5756920250346167,
        0.005769794975076902
      ],
      "f1": [
        0.6028240382448865,
        0.008208667114758296
      ],
      "bacc": [
        0.5324583458833926,
        0.008576797154821616
      ],
      "degen": false
    },
    "pseudofuture:none": {
      "auc": [
        0.563299814608108,
        0.027277724469344525
      ],
      "f1": [
        0.5977631218092262,
        0.002078520736507264
      ],
      "bacc": [
        0.5117761166062921,
        0.005464661315596248
      ],
      "degen": false
    }
  },
  "audit": {
    "dataset": "iemocap_mm",
    "checks": {
      "1_last_utterance_ignored": true,
      "2_causal_model": true,
      "3_per_utterance_features": true,
      "4_speaker_split_disjoint": true,
      "5_threshold_tuned_on_val_only": true,
      "6_dialogue_level_bootstrap": true,
      "7_transition_matrix_train_only": true,
      "8_baselines_complete": true
    },
    "n_train_speakers": 8,
    "n_test_speakers": 2,
    "speaker_overlap": 0,
    "note": "speaker-independent",
    "all_structural_pass": true
  },
  "paired_vs_transition": {
    "delta_auc": -0.08410123589225693,
    "ci_low": -0.14018922997585326,
    "ci_high": -0.021006428282982898,
    "p_value": 0.005,
    "beats_baseline": false
  },
  "leakage_gap_auc": 0.020925982300523782,
  "base_rate": 0.42902010050251255
}