{
  "rows": {
    "baseline:base_rate": {
      "auc": [
        0.5,
        0.0
      ],
      "f1": [
        0.734727124626663,
        0.0
      ],
      "bacc": [
        0.5,
        0.0
      ],
      "degen": true
    },
    "baseline:no_change": {
      "auc": [
        0.5,
        0.0
      ],
      "f1": [
        0.0,
        0.0
      ],
      "bacc": [
        0.5,
        0.0
      ],
      "degen": true
    },
    "baseline:speaker_transition": {
      "auc": [
        0.6826821022467227,
        0.0
      ],
      "f1": [
        0.734727124626663,
        0.0
      ],
      "bacc": [
        0.5,
        0.0
      ],
      "degen": true
    },
    "baseline:text_history_mlp": {
      "auc": [
        0.6817050854048132,
        0.0
      ],
      "f1": [
        0.7528160200250313,
        0.0
      ],
      "bacc": [
        0.6170343623972203,
        0.0
      ],
      "degen": false
    },
    "gru:none": {
      "auc": [
        0.7245063410902092,
        0.002660104374340876
      ],
      "f1": [
        0.7581075409062987,
        0.002380453584327885
      ],
      "bacc": [
        0.6292127153150195,
        0.015496706446898762
      ],
      "degen": false
    },
    "gru:predicted": {
      "auc": [
        0.7266041093462018,
        0.0020950545653105074
      ],
      "f1": [
        0.7600246002482417,
        0.0019225923504549117
      ],
      "bacc": [
        0.6320746723797378,
        0.003763483768159616
      ],
      "degen": false
    },
    "gru:oracle": {
      "auc": [
        0.793485318774282,
        0.0021288061777192824
      ],
      "f1": [
        0.7895085140847854,
        0.0017762461812458595
      ],
      "bacc": [
        0.6778854021907671,
        0.014649915459044902
      ],
      "degen": false
    },
    "gru_leaky:none": {
      "auc": [
        0.7225315037183125,
        0.0043658116374041865
      ],
      "f1": [
        0.7565582168240838,
        0.002432009526412766
      ],
      "bacc": [
        0.635032956824404,
        0.00877529575722944
      ],
      "degen": false
    },
    "dialoguernn:none": {
      "auc": [
        0.7067953418903317,
        0.003798557990356528
      ],
      "f1": [
        0.757004381763767,
        0.0014798459518173671
      ],
      "bacc": [
        0.6167961916894688,
        0.009368186583962641
      ],
      "degen": false
    },
    "dialoguegcn:none": {
      "auc": [
        0.7243945055064209,
        0.00551562106500981
      ],
      "f1": [
        0.7570683016892291,
        0.0032655364015953953
      ],
      "bacc": [
        0.6248434364868446,
        0.014549889047823355
      ],
      "degen": false
    },
    "dagerc:none": {
      "auc": [
        0.71762612015252,
        0.002406810819259924
      ],
      "f1": [
        0.7621086837180134,
        0.0019371515394929052
      ],
      "bacc": [
        0.6374768228002369,
        0.0026692948456027202
      ],
      "degen": false
    },
    "pec:none": {
      "auc": [
        0.7228763406085722,
        0.002528472852743388
      ],
      "f1": [
        0.7593228297226675,
        0.0034446937649128193
      ],
      "bacc": [
        0.6428140404973418,
        0.009402385998623223
      ],
      "degen": false
    },
    "pseudofuture:none": {
      "auc": [
        0.7225983276860776,
        0.002460190538958169
      ],
      "f1": [
        0.7579768613672057,
        0.0004224415127194153
      ],
      "bacc": [
        0.6408334033093751,
        0.0037646280627723293
      ],
      "degen": false
    }
  },
  "audit": {
    "dataset": "meld_mm",
    "checks": {
      "1_last_utterance_ignored": true,
      "2_causal_model": true,
      "3_per_utterance_features": true,
      "4_speaker_split_disjoint": false,
      "5_threshold_tuned_on_val_only": true,
      "6_dialogue_level_bootstrap": true,
      "7_transition_matrix_train_only": true,
      "8_baselines_complete": true
    },
    "n_train_speakers": 9,
    "n_test_speakers": 8,
    "speaker_overlap": 8,
    "note": "speaker ids overlap (local per-dialogue ids; identity not global here)",
    "all_structural_pass": true
  },
  "paired_vs_transition": {
    "delta_auc": 0.03817476762280414,
    "ci_low": 0.007585980683720442,
    "ci_high": 0.06883582681077187,
    "p_value": 0.021,
    "beats_baseline": true
  },
  "leakage_gap_auc": -0.0019748373718966317,
  "base_rate": 0.58068669527897
}