{
  "rows": {
    "baseline:base_rate": {
      "auc": [
        0.5,
        0.0
      ],
      "f1": [
        0.734727124626663,
        0.0
      ],
      "bacc": [
        0.5,
        0.0
      ],
      "degen": true
    },
    "baseline:no_change": {
      "auc": [
        0.5,
        0.0
      ],
      "f1": [
        0.0,
        0.0
      ],
      "bacc": [
        0.5,
        0.0
      ],
      "degen": true
    },
    "baseline:speaker_transition": {
      "auc": [
        0.6826711330293724,
        0.0
      ],
      "f1": [
        0.734727124626663,
        0.0
      ],
      "bacc": [
        0.5,
        0.0
      ],
      "degen": true
    },
    "baseline:text_history_mlp": {
      "auc": [
        0.5500321133294146,
        0.0
      ],
      "f1": [
        0.7341150804472321,
        0.0
      ],
      "bacc": [
        0.5020190924901712,
        0.0
      ],
      "degen": true
    },
    "gru:none": {
      "auc": [
        0.5542910695692981,
        0.013434146296447987
      ],
      "f1": [
        0.7315497813378794,
        0.004493441971312911
      ],
      "bacc": [
        0.5009298618155996,
        0.001315023190753852
      ],
      "degen": true
    },
    "gru:predicted": {
      "auc": [
        0.5644746640078292,
        0.006741760247185794
      ],
      "f1": [
        0.73483077804273,
        0.00014658806678824633
      ],
      "bacc": [
        0.5006065851111661,
        0.0008578408909446465
      ],
      "degen": true
    },
    "gru:oracle": {
      "auc": [
        0.599363961909834,
        0.006043685283583111
      ],
      "f1": [
        0.734582843059958,
        0.0005129024843942214
      ],
      "bacc": [
        0.5001422215766774,
        0.000669133270034662
      ],
      "degen": true
    },
    "gru_leaky:none": {
      "auc": [
        0.7524033303048207,
        0.0008883711099712589
      ],
      "f1": [
        0.7711406663818638,
        0.002320281616150843
      ],
      "bacc": [
        0.6453982368054815,
        0.0027132710470021233
      ],
      "degen": false
    },
    "dialoguernn:none": {
      "auc": [
        0.5641870687805232,
        0.009014567816900843
      ],
      "f1": [
        0.7323238993638325,
        0.002649507785184847
      ],
      "bacc": [
        0.5016215529234477,
        0.0020986005884975627
      ],
      "degen": true
    },
    "dialoguegcn:none": {
      "auc": [
        0.5742255417343417,
        0.01311093003944543
      ],
      "f1": [
        0.7339572772236361,
        0.0010887286383183196
      ],
      "bacc": [
        0.501459914571231,
        0.0020646309865409228
      ],
      "degen": true
    },
    "dagerc:none": {
      "auc": [
        0.5751632206933404,
        0.00968308686626253
      ],
      "f1": [
        0.734582836959884,
        0.00020405357524211666
      ],
      "bacc": [
        0.5001422215766774,
        0.00020113168259935322
      ],
      "degen": true
    },
    "pec:none": {
      "auc": [
        0.5620335718570734,
        0.0049787947709390695
      ],
      "f1": [
        0.7318349098805115,
        0.004352155925244423
      ],
      "bacc": [
        0.5046358182014871,
        0.004911776705008345
      ],
      "degen": false
    },
    "pseudofuture:none": {
      "auc": [
        0.5550044469459303,
        0.011046218070164851
      ],
      "f1": [
        0.7340640188652402,
        0.0005013842958852078
      ],
      "bacc": [
        0.5001802986300078,
        0.00021585704366615936
      ],
      "degen": true
    }
  },
  "audit": {
    "dataset": "meld",
    "checks": {
      "1_last_utterance_ignored": true,
      "2_causal_model": true,
      "3_per_utterance_features": true,
      "4_speaker_split_disjoint": false,
      "5_threshold_tuned_on_val_only": true,
      "6_dialogue_level_bootstrap": true,
      "7_transition_matrix_train_only": true,
      "8_baselines_complete": true
    },
    "n_train_speakers": 9,
    "n_test_speakers": 8,
    "speaker_overlap": 8,
    "note": "speaker ids overlap (local per-dialogue ids; identity not global here)",
    "all_structural_pass": true
  },
  "paired_vs_transition": {
    "delta_auc": -0.141660633597124,
    "ci_low": -0.17461237001460192,
    "ci_high": -0.1084830960799556,
    "p_value": 0.0,
    "beats_baseline": false
  },
  "leakage_gap_auc": 0.19811226073552257,
  "base_rate": 0.58068669527897
}