{
  "gru": [
    0.7333468211354551,
    0.007086708007112717
  ],
  "gru_wide": [
    0.7290669703290963,
    0.010602118182391092
  ],
  "gru_leaky": [
    0.8189449677831643,
    0.0029215546628162154
  ],
  "capacity_gap": -0.0042798508063588425,
  "leakage_gap_raw": 0.08559814664770915,
  "leakage_gap_controlled": 0.08987799745406799
}