{
  "iemocap": {
    "pec_fixed": {
      "auc": [
        0.6261953428139301,
        0.004756542312844581
      ],
      "f1": [
        0.6103145152606463,
        0.0017714744403600554
      ],
      "balanced_accuracy": [
        0.5584658270609882,
        0.02114323733699379
      ],
      "paired_vs_transition": {
        "delta_auc": -0.01195222011220154,
        "ci_low": -0.08363922336890114,
        "ci_high": 0.06393912669491912,
        "p_value": 0.728,
        "beats_baseline": false
      }
    },
    "pseudofuture_fixed": {
      "auc": [
        0.6089057905302487,
        0.0364803492275304
      ],
      "f1": [
        0.6100454305364634,
        0.004458159174978455
      ],
      "balanced_accuracy": [
        0.5242145005130089,
        0.013402803562354475
      ],
      "paired_vs_transition": {
        "delta_auc": 0.004197491491462424,
        "ci_low": -0.06893927200146566,
        "ci_high": 0.08028436152437028,
        "p_value": 0.963,
        "beats_baseline": false
      }
    }
  },
  "meld": {
    "pec_fixed": {
      "auc": [
        0.5629175394759437,
        0.004331573889304101
      ],
      "f1": [
        0.7286753494050234,
        0.005506926326693101
      ],
      "balanced_accuracy": [
        0.5048168733292432,
        0.003423907504076512
      ],
      "paired_vs_transition": {
        "delta_auc": -0.1159854782692239,
        "ci_low": -0.14673201278462134,
        "ci_high": -0.08487521568240755,
        "p_value": 0.0,
        "beats_baseline": false
      }
    },
    "pseudofuture_fixed": {
      "auc": [
        0.5531029898556173,
        0.009474649936738017
      ],
      "f1": [
        0.734233650324917,
        0.0009441544461332438
      ],
      "balanced_accuracy": [
        0.5028436750358013,
        0.0020300292527050605
      ],
      "paired_vs_transition": {
        "delta_auc": -0.1341028428428882,
        "ci_low": -0.16499536937742657,
        "ci_high": -0.1023802384684806,
        "p_value": 0.0,
        "beats_baseline": false
      }
    }
  },
  "emorynlp": {
    "pec_fixed": {
      "auc": [
        0.5581777631930772,
        0.0063889940822631055
      ],
      "f1": [
        0.8376863935272151,
        0.000802960038421006
      ],
      "balanced_accuracy": [
        0.49989567887730213,
        0.0001475323465612896
      ],
      "paired_vs_transition": {
        "delta_auc": -0.060316852621599804,
        "ci_low": -0.11958017030627906,
        "ci_high": 0.010985393382609374,
        "p_value": 0.097,
        "beats_baseline": false
      }
    },
    "pseudofuture_fixed": {
      "auc": [
        0.5214506510448317,
        0.008852796108066783
      ],
      "f1": [
        0.8328223359579027,
        0.006653876191614263
      ],
      "balanced_accuracy": [
        0.5002795400957729,
        0.0016049614678891912
      ],
      "paired_vs_transition": {
        "delta_auc": -0.10649566105155683,
        "ci_low": -0.17721131736219678,
        "ci_high": -0.02950850265025345,
        "p_value": 0.011,
        "beats_baseline": false
      }
    }
  },
  "dailydialog": {
    "pec_fixed": {
      "auc": [
        0.7254807976934426,
        0.005136511103495964
      ],
      "f1": [
        0.42762768638609966,
        0.006449463338797926
      ],
      "balanced_accuracy": [
        0.649896825004604,
        0.006005075696931106
      ],
      "paired_vs_transition": {
        "delta_auc": 0.034863315222394387,
        "ci_low": 0.011252157927640703,
        "ci_high": 0.0571142408137897,
        "p_value": 0.005,
        "beats_baseline": true
      }
    },
    "pseudofuture_fixed": {
      "auc": [
        0.7222053797734556,
        0.008904933312334308
      ],
      "f1": [
        0.4341665587551049,
        0.009828942953996687
      ],
      "balanced_accuracy": [
        0.6551210065342702,
        0.007610802346815579
      ],
      "paired_vs_transition": {
        "delta_auc": 0.015091756968724557,
        "ci_low": -0.009699061802515235,
        "ci_high": 0.038584105810576065,
        "p_value": 0.244,
        "beats_baseline": false
      }
    }
  },
  "iemocap_mm": {
    "pec_fixed": {
      "auc": [
        0.576798040955877,
        0.0026950436361826177
      ],
      "f1": [
        0.6033162597351868,
        0.0020739790563086154
      ],
      "balanced_accuracy": [
        0.5191627996376993,
        0.021067509055862417
      ],
      "paired_vs_transition": {
        "delta_auc": -0.06690376211852533,
        "ci_low": -0.1175322469022363,
        "ci_high": -0.008321814582096817,
        "p_value": 0.023,
        "beats_baseline": false
      }
    },
    "pseudofuture_fixed": {
      "auc": [
        0.5575394045016996,
        0.019529860731328577
      ],
      "f1": [
        0.5969538565138622,
        0.0061598040633983
      ],
      "balanced_accuracy": [
        0.5185182500680522,
        0.0034188760161414557
      ],
      "paired_vs_transition": {
        "delta_auc": -0.11038468414923486,
        "ci_low": -0.1621575404365388,
        "ci_high": -0.04933970717322516,
        "p_value": 0.001,
        "beats_baseline": false
      }
    }
  },
  "meld_mm": {
    "pec_fixed": {
      "auc": [
        0.7228482241089277,
        0.0027051990206319676
      ],
      "f1": [
        0.7586822384172761,
        0.0029401613981986322
      ],
      "balanced_accuracy": [
        0.6416673159939007,
        0.006120553144761485
      ],
      "paired_vs_transition": {
        "delta_auc": 0.03636068602241804,
        "ci_low": 0.005378207233090546,
        "ci_high": 0.06760951821276412,
        "p_value": 0.031,
        "beats_baseline": true
      }
    },
    "pseudofuture_fixed": {
      "auc": [
        0.724546435470868,
        0.0027826584879209067
      ],
      "f1": [
        0.7580496700375533,
        0.0019924661219495737
      ],
      "balanced_accuracy": [
        0.6417528002394568,
        0.0072826831237465
      ],
      "paired_vs_transition": {
        "delta_auc": 0.044358380217281224,
        "ci_low": 0.013414010607330318,
        "ci_high": 0.07485235123852728,
        "p_value": 0.004,
        "beats_baseline": true
      }
    }
  }
}