{
  "original": {
    "n_test": 1000,
    "n_val": 1000,
    "transition_auc": 0.6946706523744877,
    "gru_auc": [
      0.7317767588326992,
      0.0018508013357348906
    ],
    "paired": {
      "delta_auc": 0.038013037716518205,
      "ci_low": 0.013786631440266397,
      "ci_high": 0.05985586156014079,
      "p_value": 0.003,
      "beats_baseline": true
    }
  },
  "decontaminated": {
    "n_test": 866,
    "n_val": 899,
    "transition_auc": 0.6972897988151436,
    "gru_auc": [
      0.7275205842864635,
      0.002878555168422952
    ],
    "paired": {
      "delta_auc": 0.031150093796237566,
      "ci_low": 0.005402488344476228,
      "ci_high": 0.05598893717852614,
      "p_value": 0.02,
      "beats_baseline": true
    }
  }
}