{
  "iemocap": {
    "0": [
      0.6205286219202691,
      0.008648079403212494
    ],
    "inf": [
      0.6514342503064362,
      0.010019874986423474
    ],
    "1": [
      0.616876890226846,
      0.003960431942744073
    ],
    "2": [
      0.6197995104537296,
      0.009312389567359832
    ],
    "4": [
      0.6239038496333772,
      0.012006957805668739
    ],
    "transition": 0.6417217124347867
  },
  "meld": {
    "0": [
      0.5542910695692981,
      0.013434146296447987
    ],
    "inf": [
      0.7524033303048207,
      0.0008883711099712589
    ],
    "1": [
      0.6130675403711328,
      0.006146411830504529
    ],
    "2": [
      0.5938656101923446,
      0.007612492196494401
    ],
    "4": [
      0.5796521522487023,
      0.004215747361869542
    ],
    "transition": 0.6826711330293724
  },
  "emorynlp": {
    "0": [
      0.5195131140766669,
      0.012688181200965555
    ],
    "inf": [
      0.6217538912791594,
      0.007600540553502289
    ],
    "1": [
      0.5333422462059522,
      0.0115514658862222
    ],
    "2": [
      0.5280431383034752,
      0.007927634670024181
    ],
    "4": [
      0.5291673756451705,
      0.0057274065882898595
    ],
    "transition": 0.6155229830574394
  },
  "dailydialog": {
    "0": [
      0.7348466988777346,
      0.0006171013994460666
    ],
    "inf": [
      0.8160125820936713,
      0.001188816796815483
    ],
    "1": [
      0.7985371110438336,
      0.00385299605283904
    ],
    "2": [
      0.7892436323892379,
      0.002771629917134273
    ],
    "4": [
      0.774336842422926,
      0.0031950229846429185
    ],
    "transition": 0.6946706523744877
  },
  "iemocap_mm": {
    "0": [
      0.5687853314369993,
      0.011241837249934168
    ],
    "inf": [
      0.5897113137375231,
      0.014668164908927396
    ],
    "1": [
      0.5683558106908788,
      0.007279061952236856
    ],
    "2": [
      0.5859092497829578,
      0.018388319705308222
    ],
    "4": [
      0.5826609991404216,
      0.011858697763696432
    ],
    "transition": 0.6417217124347867
  },
  "meld_mm": {
    "0": [
      0.7245063410902092,
      0.002660104374340876
    ],
    "inf": [
      0.7225315037183125,
      0.0043658116374041865
    ],
    "1": [
      0.7172584622468537,
      0.002422806316251332
    ],
    "2": [
      0.7176576408920319,
      0.002952760437327694
    ],
    "4": [
      0.7188355078861107,
      0.0026952971196182343
    ],
    "transition": 0.6826821022467227
  }
}