{
  "iemocap": {
    "pec": {
      "auc": [
        0.6276020232574746,
        0.004407685696871241
      ],
      "f1": [
        0.6039981156146088,
        0.00812159578495381
      ],
      "bacc": [
        0.5806739287886816,
        0.012558499468086442
      ],
      "degen": false,
      "paired_vs_transition": {
        "delta_auc": -0.01175732507364935,
        "ci_low": -0.08260822216814634,
        "ci_high": 0.063794546875659,
        "p_value": 0.724,
        "beats_baseline": false
      }
    },
    "pseudofuture": {
      "auc": [
        0.6203525184143598,
        0.015944990977578535
      ],
      "f1": [
        0.6168649948253836,
        0.005273658473093007
      ],
      "bacc": [
        0.5698336305079996,
        0.02188291966128807
      ],
      "degen": false,
      "paired_vs_transition": {
        "delta_auc": 0.0008746116192878128,
        "ci_low": -0.0701661105722805,
        "ci_high": 0.07442377346269943,
        "p_value": 0.988,
        "beats_baseline": false
      }
    }
  },
  "meld": {
    "pec": {
      "auc": [
        0.5620335718570734,
        0.0049787947709390695
      ],
      "f1": [
        0.7318349098805115,
        0.004352155925244423
      ],
      "bacc": [
        0.5046358182014871,
        0.004911776705008345
      ],
      "degen": false,
      "paired_vs_transition": {
        "delta_auc": -0.11651086595540738,
        "ci_low": -0.14869620344493267,
        "ci_high": -0.08398808612270253,
        "p_value": 0.0,
        "beats_baseline": false
      }
    },
    "pseudofuture": {
      "auc": [
        0.5550044469459303,
        0.011046218070164851
      ],
      "f1": [
        0.7340640188652402,
        0.0005013842958852078
      ],
      "bacc": [
        0.5001802986300078,
        0.00021585704366615936
      ],
      "degen": true,
      "paired_vs_transition": {
        "delta_auc": -0.11454624130311264,
        "ci_low": -0.14679542639695264,
        "ci_high": -0.08337057057842984,
        "p_value": 0.0,
        "beats_baseline": false
      }
    }
  },
  "emorynlp": {
    "pec": {
      "auc": [
        0.5558330699984605,
        0.009620105491175104
      ],
      "f1": [
        0.8369389238814281,
        0.0010091081840282667
      ],
      "bacc": [
        0.4991299820932286,
        0.0006423603635879874
      ],
      "degen": true,
      "paired_vs_transition": {
        "delta_auc": -0.0711247234983835,
        "ci_low": -0.13510570089449614,
        "ci_high": 0.0023504956726120942,
        "p_value": 0.055,
        "beats_baseline": false
      }
    },
    "pseudofuture": {
      "auc": [
        0.5203345163146081,
        0.007520280809100231
      ],
      "f1": [
        0.8345598147197468,
        0.004950655454413302
      ],
      "bacc": [
        0.4991188410024551,
        0.0033824630360292833
      ],
      "degen": true,
      "paired_vs_transition": {
        "delta_auc": -0.10576338753980408,
        "ci_low": -0.16895077837447653,
        "ci_high": -0.03704011112395276,
        "p_value": 0.003,
        "beats_baseline": false
      }
    }
  },
  "dailydialog": {
    "pec": {
      "auc": [
        0.7340698928400351,
        0.00359274532958791
      ],
      "f1": [
        0.43271934711194754,
        0.0021986900398381433
      ],
      "bacc": [
        0.6537425559260434,
        0.004539347626938396
      ],
      "degen": false,
      "paired_vs_transition": {
        "delta_auc": 0.034852863675420065,
        "ci_low": 0.011674440431161722,
        "ci_high": 0.056628330354095154,
        "p_value": 0.005,
        "beats_baseline": true
      }
    },
    "pseudofuture": {
      "auc": [
        0.727877385865531,
        0.0014984259260353242
      ],
      "f1": [
        0.4311883903926597,
        0.003914810762527001
      ],
      "bacc": [
        0.652804062380185,
        0.005171121073022457
      ],
      "degen": false,
      "paired_vs_transition": {
        "delta_auc": 0.031266944830090404,
        "ci_low": 0.0066105034283774405,
        "ci_high": 0.054493930154020834,
        "p_value": 0.017,
        "beats_baseline": true
      }
    }
  },
  "iemocap_mm": {
    "pec": {
      "auc": [
        0.5756920250346167,
        0.005769794975076902
      ],
      "f1": [
        0.6028240382448865,
        0.008208667114758296
      ],
      "bacc": [
        0.5324583458833926,
        0.008576797154821616
      ],
      "degen": false,
      "paired_vs_transition": {
        "delta_auc": -0.07155063969061626,
        "ci_low": -0.12614721417138486,
        "ci_high": -0.011904114821659257,
        "p_value": 0.014,
        "beats_baseline": false
      }
    },
    "pseudofuture": {
      "auc": [
        0.563299814608108,
        0.027277724469344525
      ],
      "f1": [
        0.5977631218092262,
        0.002078520736507264
      ],
      "bacc": [
        0.5117761166062921,
        0.005464661315596248
      ],
      "degen": false,
      "paired_vs_transition": {
        "delta_auc": -0.11654723305419856,
        "ci_low": -0.1735599419992673,
        "ci_high": -0.053450430751465924,
        "p_value": 0.001,
        "beats_baseline": false
      }
    }
  },
  "meld_mm": {
    "pec": {
      "auc": [
        0.7228763406085722,
        0.002528472852743388
      ],
      "f1": [
        0.7593228297226675,
        0.0034446937649128193
      ],
      "bacc": [
        0.6428140404973418,
        0.009402385998623223
      ],
      "degen": false,
      "paired_vs_transition": {
        "delta_auc": 0.03661903000345723,
        "ci_low": 0.005144733674694538,
        "ci_high": 0.06800659354208101,
        "p_value": 0.031,
        "beats_baseline": true
      }
    },
    "pseudofuture": {
      "auc": [
        0.7225983276860776,
        0.002460190538958169
      ],
      "f1": [
        0.7579768613672057,
        0.0004224415127194153
      ],
      "bacc": [
        0.6408334033093751,
        0.0037646280627723293
      ],
      "degen": false,
      "paired_vs_transition": {
        "delta_auc": 0.039134006767628904,
        "ci_low": 0.008140854881042593,
        "ci_high": 0.07065534630451702,
        "p_value": 0.019,
        "beats_baseline": true
      }
    }
  }
}