{
  "soft_auc_mean": 0.6624847954194947,
  "soft_auc_std": 0.0042240728581403805,
  "per_seed_auc": [
    0.6576474024753987,
    0.6618680496841166,
    0.667938934098969
  ],
  "models": {
    "gru": {
      "delta_auc": 0.0834410987028034,
      "ci_low": 0.06518419886622086,
      "ci_high": 0.10220376806759876,
      "per_seed_delta": [
        0.08853753831113931,
        0.08094540075506707,
        0.08084035704220383
      ],
      "n_seeds": 3,
      "n_dialogues": 866,
      "n_boot": 1999,
      "p_value": 0.0002,
      "n_perm": 4999,
      "alternative": "two-sided"
    },
    "dialoguernn": {
      "delta_auc": 0.08200299369994594,
      "ci_low": 0.06428979790157824,
      "ci_high": 0.10036209447105064,
      "per_seed_delta": [
        0.08466991137062874,
        0.08489366824021227,
        0.07644540148899681
      ],
      "n_seeds": 3,
      "n_dialogues": 866,
      "n_boot": 1999,
      "p_value": 0.0002,
      "n_perm": 4999,
      "alternative": "two-sided"
    },
    "dialoguegcn": {
      "delta_auc": 0.08531858305541855,
      "ci_low": 0.06687552538980576,
      "ci_high": 0.10404026111336497,
      "per_seed_delta": [
        0.09348073947838131,
        0.08337553430094646,
        0.07909947538692785
      ],
      "n_seeds": 3,
      "n_dialogues": 866,
      "n_boot": 1999,
      "p_value": 0.0004,
      "n_perm": 4999,
      "alternative": "two-sided"
    },
    "dagerc": {
      "delta_auc": 0.08177339597180144,
      "ci_low": 0.06301165596401628,
      "ci_high": 0.10130007883484257,
      "per_seed_delta": [
        0.091829764232368,
        0.07717401036896132,
        0.07631641331407502
      ],
      "n_seeds": 3,
      "n_dialogues": 866,
      "n_boot": 1999,
      "p_value": 0.0002,
      "n_perm": 4999,
      "alternative": "two-sided"
    },
    "pec_fixed": {
      "delta_auc": 0.08055170853981226,
      "ci_low": 0.06195503514851595,
      "ci_high": 0.09989336496159829,
      "per_seed_delta": [
        0.08791461533267575,
        0.07930314092627821,
        0.07443736936048284
      ],
      "n_seeds": 3,
      "n_dialogues": 866,
      "n_boot": 1999,
      "p_value": 0.0014,
      "n_perm": 4999,
      "alternative": "two-sided"
    },
    "pseudofuture_fixed": {
      "delta_auc": 0.07808292135403212,
      "ci_low": 0.06029048214153924,
      "ci_high": 0.09605464496638148,
      "per_seed_delta": [
        0.07789748173982469,
        0.07839325136804531,
        0.07795803095422638
      ],
      "n_seeds": 3,
      "n_dialogues": 866,
      "n_boot": 1999,
      "p_value": 0.0014,
      "n_perm": 4999,
      "alternative": "two-sided"
    }
  }
}