{
  "soft_auc_mean": 0.524605605386616,
  "soft_auc_std": 0.0,
  "per_seed_auc": [
    0.524605605386616,
    0.524605605386616,
    0.524605605386616
  ],
  "models": {
    "gru": {
      "delta_auc": -0.0037758169458016098,
      "ci_low": -0.06051392552681845,
      "ci_high": 0.05171101472077245,
      "per_seed_delta": [
        0.013202192566664217,
        -0.002521937820559539,
        -0.022007705583509507
      ],
      "n_seeds": 3,
      "n_dialogues": 76,
      "n_boot": 1999,
      "p_value": 0.9388,
      "n_perm": 4999,
      "alternative": "two-sided"
    },
    "dialoguernn": {
      "delta_auc": 0.008437857021318015,
      "ci_low": -0.043880537965273296,
      "ci_high": 0.0609795374867631,
      "per_seed_delta": [
        0.023347674955638276,
        -0.0014311237511849262,
        0.003397019859500694
      ],
      "n_seeds": 3,
      "n_dialogues": 76,
      "n_boot": 1999,
      "p_value": 0.7758,
      "n_perm": 4999,
      "alternative": "two-sided"
    },
    "dialoguegcn": {
      "delta_auc": 0.011079308361084875,
      "ci_low": -0.037466415808399545,
      "ci_high": 0.056119771963288545,
      "per_seed_delta": [
        0.014305160553246377,
        -0.007189042028245551,
        0.0261218065582538
      ],
      "n_seeds": 3,
      "n_dialogues": 76,
      "n_boot": 1999,
      "p_value": 0.6402,
      "n_perm": 4999,
      "alternative": "two-sided"
    },
    "dagerc": {
      "delta_auc": 0.029513762285584704,
      "ci_low": -0.019646156662569504,
      "ci_high": 0.07719171269794543,
      "per_seed_delta": [
        0.030068791171394604,
        0.01536255135030029,
        0.043109944335059214
      ],
      "n_seeds": 3,
      "n_dialogues": 76,
      "n_boot": 1999,
      "p_value": 0.5706,
      "n_perm": 4999,
      "alternative": "two-sided"
    },
    "pec_fixed": {
      "delta_auc": 0.01449658474926474,
      "ci_low": -0.038437091189755794,
      "ci_high": 0.06664728265173903,
      "per_seed_delta": [
        0.017361870730936646,
        0.039536692676049534,
        -0.013408809159191959
      ],
      "n_seeds": 3,
      "n_dialogues": 76,
      "n_boot": 1999,
      "p_value": 0.5148,
      "n_perm": 4999,
      "alternative": "two-sided"
    },
    "pseudofuture_fixed": {
      "delta_auc": 0.017416563358370496,
      "ci_low": -0.02930865994914479,
      "ci_high": 0.0656155550307244,
      "per_seed_delta": [
        0.027890201511947432,
        0.009957096672257526,
        0.01440239189090653
      ],
      "n_seeds": 3,
      "n_dialogues": 76,
      "n_boot": 1999,
      "p_value": 0.444,
      "n_perm": 4999,
      "alternative": "two-sided"
    }
  }
}