{
  "soft_auc_mean": 0.5687609024445637,
  "soft_auc_std": 0.0,
  "per_seed_auc": [
    0.5687609024445637,
    0.5687609024445637,
    0.5687609024445637
  ],
  "models": {
    "gru": {
      "delta_auc": 0.07854565349165465,
      "ci_low": 0.03304589976293863,
      "ci_high": 0.12254418570882997,
      "per_seed_delta": [
        0.08555811657300427,
        0.07400937751168968,
        0.07606946639027001
      ],
      "n_seeds": 3,
      "n_dialogues": 31,
      "n_boot": 1999,
      "p_value": 0.036,
      "n_perm": 4999,
      "alternative": "two-sided"
    },
    "dialoguernn": {
      "delta_auc": 0.05829213960927567,
      "ci_low": 0.014399028668622938,
      "ci_high": 0.0979555733899801,
      "per_seed_delta": [
        0.06472367588149741,
        0.04289221015805811,
        0.06726053278827149
      ],
      "n_seeds": 3,
      "n_dialogues": 31,
      "n_boot": 1999,
      "p_value": 0.0832,
      "n_perm": 4999,
      "alternative": "two-sided"
    },
    "dialoguegcn": {
      "delta_auc": 0.04061199189709105,
      "ci_low": -0.002351441662256844,
      "ci_high": 0.07871610900537931,
      "per_seed_delta": [
        0.03557156594136712,
        0.04044716331076725,
        0.04581724643913876
      ],
      "n_seeds": 3,
      "n_dialogues": 31,
      "n_boot": 1999,
      "p_value": 0.1254,
      "n_perm": 4999,
      "alternative": "two-sided"
    },
    "dagerc": {
      "delta_auc": 0.03868800740493761,
      "ci_low": 0.001560732408026668,
      "ci_high": 0.07351529708824224,
      "per_seed_delta": [
        0.03676590206604846,
        0.04051239677408436,
        0.03878572337468
      ],
      "n_seeds": 3,
      "n_dialogues": 31,
      "n_boot": 1999,
      "p_value": 0.556,
      "n_perm": 4999,
      "alternative": "two-sided"
    },
    "pec_fixed": {
      "delta_auc": 0.06297069433639309,
      "ci_low": 0.021777403804108295,
      "ci_high": 0.10398939831927329,
      "per_seed_delta": [
        0.0676857583269308,
        0.056981027531742834,
        0.06424529715050564
      ],
      "n_seeds": 3,
      "n_dialogues": 31,
      "n_boot": 1999,
      "p_value": 0.2816,
      "n_perm": 4999,
      "alternative": "two-sided"
    },
    "pseudofuture_fixed": {
      "delta_auc": 0.06239513653659168,
      "ci_low": 0.020328093725919573,
      "ci_high": 0.10179407534439971,
      "per_seed_delta": [
        0.050844249871546454,
        0.06951229529980807,
        0.06682886443842051
      ],
      "n_seeds": 3,
      "n_dialogues": 31,
      "n_boot": 1999,
      "p_value": 0.237,
      "n_perm": 4999,
      "alternative": "two-sided"
    }
  }
}