{
  "soft_auc_mean": 0.5801236053327148,
  "soft_auc_std": 0.0,
  "per_seed_auc": [
    0.5801236053327148,
    0.5801236053327148,
    0.5801236053327148
  ],
  "models": {
    "gru": {
      "delta_auc": -0.019744531798226144,
      "ci_low": -0.06283263004593873,
      "ci_high": 0.03136589218793977,
      "per_seed_delta": [
        -0.016577353196520206,
        -0.023896386710413275,
        -0.018759855487744947
      ],
      "n_seeds": 3,
      "n_dialogues": 31,
      "n_boot": 1999,
      "p_value": 0.6352,
      "n_perm": 4999,
      "alternative": "two-sided"
    },
    "dialoguernn": {
      "delta_auc": 0.018037992183796276,
      "ci_low": -0.03251697797626397,
      "ci_high": 0.06849575848497721,
      "per_seed_delta": [
        0.022987950332368556,
        0.020711221927463663,
        0.010414804291556612
      ],
      "n_seeds": 3,
      "n_dialogues": 31,
      "n_boot": 1999,
      "p_value": 0.4414,
      "n_perm": 4999,
      "alternative": "two-sided"
    },
    "dialoguegcn": {
      "delta_auc": 0.013259842333672167,
      "ci_low": -0.033512613341652384,
      "ci_high": 0.06232396007762676,
      "per_seed_delta": [
        0.007937543388306656,
        0.009126242053195122,
        0.022715741559514724
      ],
      "n_seeds": 3,
      "n_dialogues": 31,
      "n_boot": 1999,
      "p_value": 0.5538,
      "n_perm": 4999,
      "alternative": "two-sided"
    },
    "dagerc": {
      "delta_auc": -0.020990947313374513,
      "ci_low": -0.06436395239668806,
      "ci_high": 0.02375163212032582,
      "per_seed_delta": [
        -0.022525678629356283,
        -0.021652677712866386,
        -0.018794485597900867
      ],
      "n_seeds": 3,
      "n_dialogues": 31,
      "n_boot": 1999,
      "p_value": 0.308,
      "n_perm": 4999,
      "alternative": "two-sided"
    },
    "pec_fixed": {
      "delta_auc": 0.0009989041851965104,
      "ci_low": -0.04548820164825843,
      "ci_high": 0.05188933505416042,
      "per_seed_delta": [
        0.02156247835618119,
        -0.008527060612356974,
        -0.010038705188234687
      ],
      "n_seeds": 3,
      "n_dialogues": 31,
      "n_boot": 1999,
      "p_value": 0.976,
      "n_perm": 4999,
      "alternative": "two-sided"
    },
    "pseudofuture_fixed": {
      "delta_auc": -0.0016603661342219727,
      "ci_low": -0.052626312502143016,
      "ci_high": 0.05254940404855237,
      "per_seed_delta": [
        0.02175737339473338,
        -0.0016147295549466811,
        -0.025123742242452618
      ],
      "n_seeds": 3,
      "n_dialogues": 31,
      "n_boot": 1999,
      "p_value": 0.9418,
      "n_perm": 4999,
      "alternative": "two-sided"
    }
  }
}