{
  "soft_auc_mean": 0.6054841547764133,
  "soft_auc_std": 0.0,
  "per_seed_auc": [
    0.6054841547764133,
    0.6054841547764133,
    0.6054841547764133
  ],
  "models": {
    "gru": {
      "delta_auc": 0.11733217034412831,
      "ci_low": 0.09144756679662483,
      "ci_high": 0.14396581310858955,
      "per_seed_delta": [
        0.1175060387432757,
        0.11417366616208258,
        0.12031680612702667
      ],
      "n_seeds": 3,
      "n_dialogues": 268,
      "n_boot": 1999,
      "p_value": 0.0002,
      "n_perm": 4999,
      "alternative": "two-sided"
    },
    "dialoguernn": {
      "delta_auc": 0.11065696029622445,
      "ci_low": 0.08441131896421279,
      "ci_high": 0.13725405034607374,
      "per_seed_delta": [
        0.11272572947186632,
        0.11377007461337307,
        0.10547507680343393
      ],
      "n_seeds": 3,
      "n_dialogues": 268,
      "n_boot": 1999,
      "p_value": 0.0002,
      "n_perm": 4999,
      "alternative": "two-sided"
    },
    "dialoguegcn": {
      "delta_auc": 0.1182458935410979,
      "ci_low": 0.09050870643333545,
      "ci_high": 0.1460506217246851,
      "per_seed_delta": [
        0.11775114401371989,
        0.1156359763095165,
        0.12135056030005731
      ],
      "n_seeds": 3,
      "n_dialogues": 268,
      "n_boot": 1999,
      "p_value": 0.0002,
      "n_perm": 4999,
      "alternative": "two-sided"
    },
    "dagerc": {
      "delta_auc": 0.11490885589045707,
      "ci_low": 0.0871959883792718,
      "ci_high": 0.14317246541844852,
      "per_seed_delta": [
        0.11580618830288048,
        0.10898409160885125,
        0.11993628775963949
      ],
      "n_seeds": 3,
      "n_dialogues": 268,
      "n_boot": 1999,
      "p_value": 0.0002,
      "n_perm": 4999,
      "alternative": "two-sided"
    },
    "pec_fixed": {
      "delta_auc": 0.11466362453705496,
      "ci_low": 0.08783493561939552,
      "ci_high": 0.14239520073235143,
      "per_seed_delta": [
        0.11265083619478611,
        0.11411579408433892,
        0.11722424333203985
      ],
      "n_seeds": 3,
      "n_dialogues": 268,
      "n_boot": 1999,
      "p_value": 0.0002,
      "n_perm": 4999,
      "alternative": "two-sided"
    },
    "pseudofuture_fixed": {
      "delta_auc": 0.1178235156316391,
      "ci_low": 0.09125110228877199,
      "ci_high": 0.14425507665994425,
      "per_seed_delta": [
        0.12361400156292446,
        0.11517905166955267,
        0.11467749366244018
      ],
      "n_seeds": 3,
      "n_dialogues": 268,
      "n_boot": 1999,
      "p_value": 0.0002,
      "n_perm": 4999,
      "alternative": "two-sided"
    }
  }
}