{
  "soft_auc_mean": 0.5958187612954571,
  "soft_auc_std": 0.0,
  "per_seed_auc": [
    0.5958187612954571,
    0.5958187612954571,
    0.5958187612954571
  ],
  "models": {
    "gru": {
      "delta_auc": 0.025101856117658545,
      "ci_low": -0.00033845634497603976,
      "ci_high": 0.04806562916956757,
      "per_seed_delta": [
        0.011703776663708698,
        0.029595704908384257,
        0.03400608678088268
      ],
      "n_seeds": 3,
      "n_dialogues": 268,
      "n_boot": 1999,
      "p_value": 0.049,
      "n_perm": 4999,
      "alternative": "two-sided"
    },
    "dialoguernn": {
      "delta_auc": 0.03269179802619645,
      "ci_low": 0.0038495926397041766,
      "ci_high": 0.05772704574737123,
      "per_seed_delta": [
        0.013393792633376256,
        0.037308955949892475,
        0.04737264549532061
      ],
      "n_seeds": 3,
      "n_dialogues": 268,
      "n_boot": 1999,
      "p_value": 0.0164,
      "n_perm": 4999,
      "alternative": "two-sided"
    },
    "dialoguegcn": {
      "delta_auc": 0.02743313001195513,
      "ci_low": 0.00696480859424653,
      "ci_high": 0.047356320890996145,
      "per_seed_delta": [
        0.021674038737223622,
        0.027146165199439243,
        0.03347918609920253
      ],
      "n_seeds": 3,
      "n_dialogues": 268,
      "n_boot": 1999,
      "p_value": 0.0206,
      "n_perm": 4999,
      "alternative": "two-sided"
    },
    "dagerc": {
      "delta_auc": 0.012210882320975336,
      "ci_low": -0.01697505468547128,
      "ci_high": 0.037765962388823966,
      "per_seed_delta": [
        0.022862118450904356,
        0.021044632610650926,
        -0.007274104098629275
      ],
      "n_seeds": 3,
      "n_dialogues": 268,
      "n_boot": 1999,
      "p_value": 0.3548,
      "n_perm": 4999,
      "alternative": "two-sided"
    },
    "pec_fixed": {
      "delta_auc": 0.023690357402317803,
      "ci_low": -0.006231358774108038,
      "ci_high": 0.050701840603721515,
      "per_seed_delta": [
        0.002708261938858314,
        0.03511284298662276,
        0.03324996728147234
      ],
      "n_seeds": 3,
      "n_dialogues": 268,
      "n_boot": 1999,
      "p_value": 0.066,
      "n_perm": 4999,
      "alternative": "two-sided"
    },
    "pseudofuture_fixed": {
      "delta_auc": 0.004428033486624942,
      "ci_low": -0.02807138783363718,
      "ci_high": 0.031772973364101544,
      "per_seed_delta": [
        -0.01188004063905912,
        0.024337289060059053,
        0.0008268520388748923
      ],
      "n_seeds": 3,
      "n_dialogues": 268,
      "n_boot": 1999,
      "p_value": 0.7456,
      "n_perm": 4999,
      "alternative": "two-sided"
    }
  }
}