{
  "delta_auc": 0.03753856517010212,
  "ci_low": 0.01421438004854653,
  "ci_high": 0.05958912051355148,
  "p_value": 0.001,
  "beats_baseline": true
}