{
  "delta_auc": 0.029205290669980122,
  "ci_low": 0.005241703087653146,
  "ci_high": 0.052591560851874816,
  "p_value": 0.013,
  "beats_baseline": true
}