{
  "delta_auc": 0.03441583673769977,
  "ci_low": 0.010892670178561315,
  "ci_high": 0.057091427155534405,
  "p_value": 0.01,
  "beats_baseline": true
}