{
  "delta_auc": -0.06626011813607524,
  "ci_low": -0.12175642764515932,
  "ci_high": -0.009920963068219045,
  "p_value": 0.025,
  "beats_baseline": false
}