{
  "delta_auc": -0.10024854760689361,
  "ci_low": -0.15514541649003818,
  "ci_high": -0.03976915634500184,
  "p_value": 0.0,
  "beats_baseline": false
}