{
  "delta_auc": -0.0973224920391842,
  "ci_low": -0.16004409616249288,
  "ci_high": -0.028793007405141534,
  "p_value": 0.007,
  "beats_baseline": false
}