{
  "delta_auc": -0.012153557961945616,
  "ci_low": -0.08100086902352617,
  "ci_high": 0.06028659975775468,
  "p_value": 0.718,
  "beats_baseline": false
}