{
  "delta_auc": -0.009376706338276586,
  "ci_low": -0.08140390044569264,
  "ci_high": 0.0631672072159281,
  "p_value": 0.74,
  "beats_baseline": false
}