{
  "delta_auc": -0.07506519319574712,
  "ci_low": -0.1408765188979234,
  "ci_high": -0.003543199181282951,
  "p_value": 0.038,
  "beats_baseline": false
}