{
  "delta_auc": -0.013003203687865117,
  "ci_low": -0.09112067948082668,
  "ci_high": 0.06983971786316534,
  "p_value": 0.726,
  "beats_baseline": false
}