{
  "delta_auc": -0.06727261305925625,
  "ci_low": -0.12319532596455166,
  "ci_high": -0.0030863293195061703,
  "p_value": 0.036,
  "beats_baseline": false
}