{
  "delta_auc": -0.08907025402393831,
  "ci_low": -0.15217049194705476,
  "ci_high": -0.020932826354287747,
  "p_value": 0.014,
  "beats_baseline": false
}