{
  "delta_auc": -0.09901723377520355,
  "ci_low": -0.12849601064114166,
  "ci_high": -0.06981439629593993,
  "p_value": 0.0,
  "beats_baseline": false
}