{
  "delta_auc": -0.1163353584778053,
  "ci_low": -0.14849632150695558,
  "ci_high": -0.08390838697412886,
  "p_value": 0.0,
  "beats_baseline": false
}