{
  "delta_auc": 0.03583718958060533,
  "ci_low": 0.0029858626334238196,
  "ci_high": 0.06957215885864254,
  "p_value": 0.039,
  "beats_baseline": true
}