{
  "delta_auc": -0.09174237317882605,
  "ci_low": -0.12312255337726742,
  "ci_high": -0.05961742955711406,
  "p_value": 0.0,
  "beats_baseline": false
}