{
  "delta_auc": 0.03392249377969736,
  "ci_low": 0.0008146644442502383,
  "ci_high": 0.06708246882291959,
  "p_value": 0.046,
  "beats_baseline": true
}