{
  "delta_auc": 0.02920799981238864,
  "ci_low": -0.0032244746697821874,
  "ci_high": 0.06148225995255156,
  "p_value": 0.072,
  "beats_baseline": false
}