{
  "pec": {
    "auc": [
      0.7340698928400351,
      0.00359274532958791
    ],
    "f1": [
      0.43271934711194754,
      0.0021986900398381433
    ],
    "bacc": [
      0.6537425559260434,
      0.004539347626938396
    ],
    "degen": false,
    "paired_vs_transition": {
      "delta_auc": 0.034852863675420065,
      "ci_low": 0.011674440431161722,
      "ci_high": 0.056628330354095154,
      "p_value": 0.005,
      "beats_baseline": true
    }
  },
  "pseudofuture": {
    "auc": [
      0.727877385865531,
      0.0014984259260353242
    ],
    "f1": [
      0.4311883903926597,
      0.003914810762527001
    ],
    "bacc": [
      0.652804062380185,
      0.005171121073022457
    ],
    "degen": false,
    "paired_vs_transition": {
      "delta_auc": 0.031266944830090404,
      "ci_low": 0.0066105034283774405,
      "ci_high": 0.054493930154020834,
      "p_value": 0.017,
      "beats_baseline": true
    }
  }
}