{
  "pec": {
    "auc": [
      0.5558330699984605,
      0.009620105491175104
    ],
    "f1": [
      0.8369389238814281,
      0.0010091081840282667
    ],
    "bacc": [
      0.4991299820932286,
      0.0006423603635879874
    ],
    "degen": true,
    "paired_vs_transition": {
      "delta_auc": -0.0711247234983835,
      "ci_low": -0.13510570089449614,
      "ci_high": 0.0023504956726120942,
      "p_value": 0.055,
      "beats_baseline": false
    }
  },
  "pseudofuture": {
    "auc": [
      0.5203345163146081,
      0.007520280809100231
    ],
    "f1": [
      0.8345598147197468,
      0.004950655454413302
    ],
    "bacc": [
      0.4991188410024551,
      0.0033824630360292833
    ],
    "degen": true,
    "paired_vs_transition": {
      "delta_auc": -0.10576338753980408,
      "ci_low": -0.16895077837447653,
      "ci_high": -0.03704011112395276,
      "p_value": 0.003,
      "beats_baseline": false
    }
  }
}