{
  "pec": {
    "auc": [
      0.6276020232574746,
      0.004407685696871241
    ],
    "f1": [
      0.6039981156146088,
      0.00812159578495381
    ],
    "bacc": [
      0.5806739287886816,
      0.012558499468086442
    ],
    "degen": false,
    "paired_vs_transition": {
      "delta_auc": -0.01175732507364935,
      "ci_low": -0.08260822216814634,
      "ci_high": 0.063794546875659,
      "p_value": 0.724,
      "beats_baseline": false
    }
  },
  "pseudofuture": {
    "auc": [
      0.6203525184143598,
      0.015944990977578535
    ],
    "f1": [
      0.6168649948253836,
      0.005273658473093007
    ],
    "bacc": [
      0.5698336305079996,
      0.02188291966128807
    ],
    "degen": false,
    "paired_vs_transition": {
      "delta_auc": 0.0008746116192878128,
      "ci_low": -0.0701661105722805,
      "ci_high": 0.07442377346269943,
      "p_value": 0.988,
      "beats_baseline": false
    }
  }
}