{
  "pec": {
    "auc": [
      0.5756920250346167,
      0.005769794975076902
    ],
    "f1": [
      0.6028240382448865,
      0.008208667114758296
    ],
    "bacc": [
      0.5324583458833926,
      0.008576797154821616
    ],
    "degen": false,
    "paired_vs_transition": {
      "delta_auc": -0.07155063969061626,
      "ci_low": -0.12614721417138486,
      "ci_high": -0.011904114821659257,
      "p_value": 0.014,
      "beats_baseline": false
    }
  },
  "pseudofuture": {
    "auc": [
      0.563299814608108,
      0.027277724469344525
    ],
    "f1": [
      0.5977631218092262,
      0.002078520736507264
    ],
    "bacc": [
      0.5117761166062921,
      0.005464661315596248
    ],
    "degen": false,
    "paired_vs_transition": {
      "delta_auc": -0.11654723305419856,
      "ci_low": -0.1735599419992673,
      "ci_high": -0.053450430751465924,
      "p_value": 0.001,
      "beats_baseline": false
    }
  }
}