{
  "pec": {
    "auc": [
      0.5620335718570734,
      0.0049787947709390695
    ],
    "f1": [
      0.7318349098805115,
      0.004352155925244423
    ],
    "bacc": [
      0.5046358182014871,
      0.004911776705008345
    ],
    "degen": false,
    "paired_vs_transition": {
      "delta_auc": -0.11651086595540738,
      "ci_low": -0.14869620344493267,
      "ci_high": -0.08398808612270253,
      "p_value": 0.0,
      "beats_baseline": false
    }
  },
  "pseudofuture": {
    "auc": [
      0.5550044469459303,
      0.011046218070164851
    ],
    "f1": [
      0.7340640188652402,
      0.0005013842958852078
    ],
    "bacc": [
      0.5001802986300078,
      0.00021585704366615936
    ],
    "degen": true,
    "paired_vs_transition": {
      "delta_auc": -0.11454624130311264,
      "ci_low": -0.14679542639695264,
      "ci_high": -0.08337057057842984,
      "p_value": 0.0,
      "beats_baseline": false
    }
  }
}