{
  "pec": {
    "auc": [
      0.7228763406085722,
      0.002528472852743388
    ],
    "f1": [
      0.7593228297226675,
      0.0034446937649128193
    ],
    "bacc": [
      0.6428140404973418,
      0.009402385998623223
    ],
    "degen": false,
    "paired_vs_transition": {
      "delta_auc": 0.03661903000345723,
      "ci_low": 0.005144733674694538,
      "ci_high": 0.06800659354208101,
      "p_value": 0.031,
      "beats_baseline": true
    }
  },
  "pseudofuture": {
    "auc": [
      0.7225983276860776,
      0.002460190538958169
    ],
    "f1": [
      0.7579768613672057,
      0.0004224415127194153
    ],
    "bacc": [
      0.6408334033093751,
      0.0037646280627723293
    ],
    "degen": false,
    "paired_vs_transition": {
      "delta_auc": 0.039134006767628904,
      "ci_low": 0.008140854881042593,
      "ci_high": 0.07065534630451702,
      "p_value": 0.019,
      "beats_baseline": true
    }
  }
}